"year","month","radiationtype","radiation"
"2016","09","dni","186838"
"2014","06","ghi","138678"
"2018","08","ghi","0"
"2017","08","ghi","180232"
"2017","11","dni","239882"
"2017","09","dni","255703"
"2012","08","dni","214760"
"2015","11","dni","247139"
"2010","05","ghi","147156"
"2017","03","dni","258503"
"2013","08","ghi","181853"
"2015","03","ghi","197500"
"2011","07","ghi","154533"
"2018","07","dni","217494"
"2012","02","ghi","204751"
"2013","07","dni","215516"
"2012","10","ghi","226861"
"2008","09","dni","205705"
"2008","11","dni","195035"
"2010","03","ghi","181730"
"2010","06","dni","212612"
"2010","03","dni","171680"
"2008","08","dni","232812"
"2017","01","ghi","234153"
"2017","02","ghi","198707"
"2012","02","dni","210597"
"2015","08","ghi","176019"
"2015","06","ghi","135243"
"2009","11","dni","156040"
"2014","11","ghi","220472"
"2018","06","ghi","139377"
"2017","08","dni","249775"
"2016","06","ghi","131998"
"2016","09","ghi","176829"
"2011","08","dni","236370"
"2008","02","dni","148087"
"2008","10","dni","259283"
"2014","05","dni","214446"
"2011","06","dni","209922"
"2015","09","ghi","195381"
"2013","09","ghi","202738"
"2008","01","dni","169946"
"2009","06","ghi","142709"
"2018","05","dni","222331"
"2009","06","dni","218631"
"2008","12","ghi","220808"
"2013","09","dni","252080"
"2016","08","ghi","166514"
"2014","02","dni","119961"
"2012","05","dni","174458"
"2014","10","dni","284096"
"2009","12","ghi","220351"
"2015","09","dni","245445"
"2010","12","ghi","189581"
"2014","04","dni","203678"
"2012","07","ghi","142240"
"2008","12","dni","225868"
"2015","03","dni","216345"
"2009","07","ghi","152889"
"2018","08","dni","0"
"2014","08","dni","252150"
"2016","03","dni","168806"
"2010","09","ghi","169799"
"2013","03","dni","210090"
"2008","05","dni","216793"
"2009","03","ghi","207610"
"2013","06","ghi","138194"
"2016","07","dni","169567"
"2008","08","ghi","170558"
"2012","01","ghi","208228"
"2016","02","ghi","190852"
"2014","02","ghi","167277"
"2012","05","ghi","141742"
"2016","01","ghi","217271"
"2009","01","dni","57828"
"2013","10","ghi","231042"
"2009","02","dni","134963"
"2018","02","ghi","214467"
"2012","01","dni","198444"
"2011","10","dni","243387"
"2011","01","dni","230319"
"2010","07","ghi","138575"
"2014","12","ghi","217217"
"2017","09","ghi","203484"
"2016","05","ghi","141839"
"2009","12","dni","208862"
"2011","06","ghi","140714"
"2013","05","ghi","147834"
"2017","12","ghi","252911"
"2013","01","dni","242711"
"2015","10","dni","271745"
"2016","04","ghi","175914"
"2009","11","ghi","134706"
"2009","04","dni","190146"
"2014","04","ghi","172815"
"2012","06","dni","178502"
"2013","05","dni","188358"
"2014","12","dni","190767"
"2016","05","dni","171844"
"2017","06","ghi","140324"
"2010","10","dni","203985"
"2010","02","dni","153100"
"2015","05","dni","203464"
"2016","12","dni","251571"
"2009","09","ghi","190539"
"2011","04","ghi","171227"
"2014","01","dni","205208"
"2017","05","ghi","157957"
"2011","12","dni","193497"
"2010","07","dni","172531"
"2014","01","ghi","216904"
"2013","01","ghi","231657"
"2016","10","ghi","221381"
"2018","01","ghi","216263"
"2011","12","ghi","209324"
"2009","04","ghi","163249"
"2008","02","ghi","182899"
"2018","05","ghi","159350"
"2012","08","ghi","171294"
"2010","10","ghi","198304"
"2008","01","ghi","197871"
"2012","09","dni","209661"
"2016","10","dni","247820"
"2012","04","ghi","170515"
"2013","10","dni","268604"
"2016","01","dni","227964"
"2018","01","dni","209079"
"2015","12","ghi","178307"
"2011","11","ghi","190175"
"2016","12","ghi","234698"
"2017","05","dni","219502"
"2013","02","dni","171611"
"2016","02","dni","202999"
"2012","12","dni","208227"
"2018","02","dni","242272"
"2011","03","ghi","163396"
"2018","04","ghi","188777"
"2013","12","dni","248384"
"2011","11","dni","156570"
"2010","01","dni","158904"
"2013","04","ghi","174054"
"2009","10","dni","276357"
"2008","07","dni","200404"
"2015","01","dni","180059"
"2014","10","ghi","235992"
"2011","05","ghi","166948"
"2015","02","dni","231330"
"2017","02","dni","213150"
"2012","12","ghi","216976"
"2015","01","ghi","209503"
"2017","01","dni","255626"
"2015","02","ghi","209083"
"2010","08","ghi","169521"
"2010","09","dni","166206"
"2010","11","dni","169041"
"2015","07","dni","226366"
"2008","06","ghi","127386"
"2017","10","ghi","226074"
"2008","03","dni","173069"
"2011","09","ghi","203896"
"2010","02","ghi","174714"
"2013","12","ghi","238116"
"2015","05","ghi","135876"
"2012","06","ghi","133539"
"2011","04","dni","216199"
"2010","01","ghi","183702"
"2013","02","ghi","188056"
"2017","10","dni","255233"
"2015","10","ghi","230979"
"2012","04","dni","211694"
"2011","05","dni","248656"
"2017","04","ghi","186117"
"2012","11","ghi","222015"
"2012","09","ghi","187490"
"2011","02","dni","170377"
"2012","10","dni","258803"
"2009","05","ghi","136536"
"2017","12","dni","302123"
"2009","05","dni","163103"
"2011","09","dni","257269"
"2015","04","ghi","178284"
"2018","07","ghi","150919"
"2008","04","dni","204333"
"2014","07","ghi","154131"
"2010","06","ghi","142028"
"2008","10","ghi","227046"
"2016","11","dni","272800"
"2013","03","ghi","198344"
"2014","11","dni","222146"
"2013","11","dni","181148"
"2017","07","ghi","152144"
"2014","09","dni","259165"
"2010","12","dni","150171"
"2014","08","ghi","178901"
"2015","06","dni","188523"
"2016","03","ghi","166193"
"2012","07","dni","186062"
"2010","04","ghi","148526"
"2013","07","ghi","149800"
"2008","11","ghi","203219"
"2009","07","dni","230779"
"2016","07","ghi","133192"
"2008","04","ghi","152821"
"2010","05","dni","188209"
"2013","08","dni","260439"
"2009","03","dni","248868"
"2014","05","ghi","158313"
"2012","03","ghi","165967"
"2012","11","dni","236616"
"2018","06","dni","198831"
"2011","08","ghi","173929"
"2015","12","dni","134858"
"2017","11","ghi","224832"
"2017","04","dni","249848"
"2009","09","dni","230789"
"2014","09","ghi","203585"
"2017","06","dni","204444"
"2017","03","ghi","218615"
"2012","03","dni","142319"
"2016","04","dni","227480"
"2009","08","ghi","172875"
"2015","04","dni","234558"
"2013","04","dni","215641"
"2009","08","dni","232710"
"2008","05","ghi","156878"
"2018","03","ghi","179317"
"2009","10","ghi","231157"
"2008","07","ghi","139001"
"2014","07","dni","230693"
"2008","06","dni","173939"
"2014","03","ghi","205690"
"2014","06","dni","199706"
"2016","08","dni","216808"
"2013","06","dni","199473"
"2015","08","dni","248410"
"2011","07","dni","232883"
"2016","06","dni","177857"
"2015","11","ghi","222427"
"2011","03","dni","130923"
"2016","11","ghi","237138"
"2018","04","dni","255598"
"2013","11","ghi","196540"
"2009","02","ghi","148638"
"2009","01","ghi","124864"
"2017","07","dni","219854"
"2018","03","dni","175081"
"2010","11","ghi","188625"
"2014","03","dni","229793"
"2008","09","ghi","186166"
"2015","07","ghi","151408"
"2010","04","dni","151254"
"2011","10","ghi","221375"
"2011","01","ghi","229044"
"2011","02","ghi","185315"
"2008","03","ghi","166681"
"2010","08","dni","224935"
